,5-Fold Mean Accuracy,5-Fold Mean F1,5-Fold Mean Precision,5-Fold Mean Recall,Stratified K-Fold Mean Accuracy,Stratified K-Fold Mean F1,Stratified K-Fold Mean Precision,Stratified K-Fold Mean Recall,Holdout Accuracy,Holdout F1,Holdout Precision,Holdout Recall,Leave-One-Phage-Out Mean Accuracy,Leave-One-Phage-Out Mean F1,Leave-One-Phage-Out Mean Precision,Leave-One-Phage-Out Mean Recall
Random Forest,0.5368967741935483,0.4794985142533994,0.5891039401098691,0.5143061505687043,0.6144578313253012,0.5825105814383431,0.5957832235848068,0.591157492432335,0.6465863453815262,0.6205461544162753,0.6259046626656114,0.6263191455443967,0.31303822583885876,0.17140001697054993,0.20304491008124753,0.2735122786681916
SVM,0.4628516129032259,0.28987997144971417,0.2947597617401934,0.38799338434560815,0.5100401606425702,0.3575918627653911,0.37375092494391693,0.4351192043341632,0.5100401606425703,0.36139522685549436,0.3797686053783615,0.43655348318189063,0.28115831557559134,0.16488969056558506,0.1817996710319221,0.33083812981620014
XGBoost,0.5310774193548388,0.4888616827835338,0.5830409573320223,0.5070552186136835,0.7236947791164658,0.7079382713811875,0.7162909266133463,0.7061176096718467,0.7429718875502008,0.7299479058712984,0.7302075950862271,0.7297318176801678,0.43943591365351037,0.2399241675303499,0.24761066538780735,0.39204188661028866
