,5-Fold Mean Accuracy,5-Fold Mean F1,Stratified K-Fold Mean Accuracy,Stratified K-Fold Mean F1,Holdout Accuracy,Holdout F1,Leave-One-Phage-Out Mean Accuracy,Leave-One-Phage-Out Mean F1
Random Forest,0.4959548387096774,0.45101849550352213,0.593574297188755,0.5604315849510342,0.6345381526104418,0.612191045200754,0.3243873656849678,0.20732021633047037
SVM,0.4612516129032259,0.2876059092757404,0.5100401606425702,0.3575918627653911,0.5100401606425703,0.36139522685549436,0.28115831557559134,0.1648222207943369
XGBoost,0.4644645161290322,0.42996553582203145,0.6008032128514056,0.574051449398764,0.6385542168674698,0.6144732226310969,0.3198527904416654,0.20146764068193976
