,5-Fold Mean Accuracy,5-Fold Mean F1,5-Fold Mean Precision,5-Fold Mean Recall,Stratified K-Fold Mean Accuracy,Stratified K-Fold Mean F1,Stratified K-Fold Mean Precision,Stratified K-Fold Mean Recall,Holdout Accuracy,Holdout F1,Holdout Precision,Holdout Recall,Leave-One-Phage-Out Mean Accuracy,Leave-One-Phage-Out Mean F1,Leave-One-Phage-Out Mean Precision,Leave-One-Phage-Out Mean Recall
Random Forest,0.4959548387096774,0.45101849550352213,0.49990554770317364,0.46694870847309866,0.593574297188755,0.5604315849510342,0.5715834926130499,0.5694278818970091,0.6345381526104418,0.612191045200754,0.6156947890818859,0.6143901212767784,0.3243873656849678,0.20732021633047037,0.3282067005524284,0.32426118502195184
SVM,0.4612516129032259,0.2876059092757404,0.29449299246996125,0.38636736808544553,0.5100401606425702,0.3575918627653911,0.37375092494391693,0.4351192043341632,0.5100401606425703,0.36139522685549436,0.3797686053783615,0.43655348318189063,0.28115831557559134,0.1648222207943369,0.18163624358403122,0.33083812981620014
XGBoost,0.4644645161290322,0.42996553582203145,0.4612773215336497,0.43422368550865675,0.6008032128514056,0.574051449398764,0.576328903732164,0.5766880545404625,0.6385542168674698,0.6144732226310969,0.6160841660542055,0.6147359256397994,0.3198527904416654,0.20146764068193976,0.36307928792755506,0.3398726814446199
